0.000,0.524330,9.567230,-1.395820,0.004261,0.007457,-0.001065
5.057,0.517148,9.583989,-1.379060,-0.004261,0.005326,-0.002131
10.117,0.524330,9.600749,-1.376666,0.002131,0.003196,-0.001065
15.168,0.517148,9.579201,-1.400608,0.003196,0.005326,-0.002131
20.223,0.538695,9.567230,-1.395820,0.001065,0.007457,-0.001065
25.278,0.507571,9.572019,-1.407791,0.001065,0.005326,-0.001065
30.333,0.509965,9.579201,-1.398214,0.003196,0.004261,-0.002131
35.389,0.538695,9.548077,-1.414973,0.004261,0.004261,-0.001065
40.444,0.526724,9.567230,-1.417367,0.002131,0.004261,-0.001065
45.499,0.529119,9.560047,-1.422156,0.002131,0.005326,-0.001065
50.555,0.524330,9.605537,-1.405396,0.003196,0.005326,-0.001065
55.610,0.517148,9.579201,-1.388637,0.001065,0.006392,-0.003196
60.665,0.519542,9.617508,-1.379060,0.000000,0.004261,-0.002131
65.721,0.509965,9.588778,-1.395820,0.003196,0.005326,-0.002131
70.775,0.512359,9.612720,-1.410185,0.002131,0.006392,-0.002131
75.830,0.502782,9.579201,-1.388637,0.001065,0.006392,-0.001065
80.886,0.521936,9.572019,-1.412579,0.002131,0.005326,-0.001065
85.941,0.517148,9.581595,-1.393425,0.002131,0.005326,-0.001065
90.996,0.517148,9.588778,-1.400608,0.002131,0.005326,-0.001065
96.051,0.529119,9.574412,-1.403002,0.002131,0.005326,-0.002131
101.106,0.541090,9.560047,-1.407791,0.002131,0.005326,-0.003196
106.162,0.531513,9.574412,-1.391031,0.003196,0.006392,-0.001065
111.217,0.548272,9.581595,-1.403002,0.002131,0.004261,-0.002131
116.272,0.533907,9.586384,-1.398214,0.002131,0.005326,-0.003196
121.327,0.507571,9.560047,-1.393425,0.000000,0.006392,-0.002131
126.382,0.514753,9.576807,-1.395820,0.004261,0.005326,-0.003196
131.438,0.536301,9.622296,-1.417367,0.002131,0.004261,-0.001065
136.493,0.529119,9.572019,-1.398214,0.000000,0.003196,-0.001065
141.548,0.521936,9.583989,-1.388637,0.001065,0.004261,-0.001065
146.604,0.505177,9.564836,-1.367089,0.002131,0.004261,0.000000
151.659,0.517148,9.567230,-1.395820,0.001065,0.005326,-0.001065
156.713,0.533907,9.583989,-1.395820,-0.001065,0.004261,0.000000
161.770,0.524330,9.569624,-1.388637,0.003196,0.004261,0.000000
166.825,0.529119,9.569624,-1.393425,0.003196,0.005326,-0.001065
171.879,0.536301,9.576807,-1.398214,0.001065,0.006392,-0.003196
176.935,0.533907,9.583989,-1.391031,0.001065,0.006392,-0.002131
181.990,0.526724,9.600749,-1.400608,0.002131,0.006392,-0.002131
187.045,0.512359,9.588778,-1.405396,0.003196,0.004261,-0.001065
192.100,0.507571,9.595961,-1.381454,0.002131,0.005326,0.000000
197.156,0.524330,9.591172,-1.403002,0.001065,0.005326,-0.001065
202.211,0.517148,9.586384,-1.364695,0.002131,0.005326,-0.001065
207.266,0.512359,9.598354,-1.400608,0.002131,0.005326,-0.003196
212.321,0.531513,9.605537,-1.381454,0.001065,0.004261,-0.001065
217.377,0.519542,9.586384,-1.381454,0.003196,0.006392,-0.001065
222.432,0.514753,9.603143,-1.398214,0.001065,0.006392,-0.001065
227.487,0.521936,9.607931,-1.386243,0.003196,0.004261,-0.001065
232.542,0.536301,9.579201,-1.414973,0.002131,0.004261,-0.001065
237.597,0.526724,9.579201,-1.405396,0.001065,0.006392,-0.001065
242.653,0.521936,9.564836,-1.369483,0.002131,0.004261,-0.002131
247.708,0.533907,9.588778,-1.424550,0.003196,0.003196,-0.002131
252.763,0.521936,9.588778,-1.400608,0.003196,0.004261,-0.002131
257.818,0.509965,9.591172,-1.400608,0.002131,0.006392,0.000000
262.873,0.517148,9.583989,-1.395820,0.001065,0.005326,-0.002131
267.929,0.502782,9.591172,-1.381454,0.001065,0.004261,-0.002131
272.984,0.509965,9.583989,-1.386243,0.003196,0.004261,-0.002131
278.039,0.519542,9.603143,-1.400608,0.002131,0.005326,-0.002131
283.095,0.524330,9.598354,-1.374272,0.003196,0.005326,-0.003196
288.150,0.533907,9.569624,-1.386243,0.002131,0.005326,0.000000
293.205,0.512359,9.567230,-1.407791,0.002131,0.004261,-0.001065
298.260,0.507571,9.615114,-1.398214,0.002131,0.006392,-0.002131
303.315,0.524330,9.574412,-1.391031,0.002131,0.006392,-0.001065
308.371,0.533907,9.572019,-1.400608,0.002131,0.004261,-0.001065
313.426,0.524330,9.574412,-1.405396,0.001065,0.006392,0.000000
318.481,0.521936,9.605537,-1.376666,0.000000,0.007457,0.000000
323.536,0.497994,9.593566,-1.371878,0.001065,0.005326,-0.001065
328.592,0.486023,9.572019,-1.391031,0.001065,0.006392,-0.003196
333.647,0.519542,9.583989,-1.374272,0.002131,0.005326,-0.001065
338.702,0.533907,9.593566,-1.381454,0.002131,0.003196,-0.001065
343.757,0.524330,9.610326,-1.376666,0.001065,0.004261,-0.002131
348.812,0.526724,9.595961,-1.374272,0.002131,0.006392,-0.002131
353.868,0.541090,9.588778,-1.403002,0.004261,0.004261,0.000000
358.923,0.524330,9.569624,-1.412579,0.002131,0.006392,-0.002131
363.978,0.541090,9.572019,-1.434127,0.002131,0.005326,-0.002131
369.033,0.531513,9.552865,-1.414973,0.002131,0.005326,0.000000
374.089,0.509965,9.579201,-1.412579,0.003196,0.004261,-0.001065
379.144,0.519542,9.564836,-1.395820,0.002131,0.005326,-0.001065
384.199,0.517148,9.569624,-1.379060,0.001065,0.005326,-0.002131
389.254,0.512359,9.579201,-1.386243,0.000000,0.006392,-0.003196
394.309,0.533907,9.619903,-1.403002,0.003196,0.004261,-0.001065
399.365,0.507571,9.605537,-1.400608,0.002131,0.005326,-0.001065
404.420,0.536301,9.574412,-1.403002,0.002131,0.004261,-0.003196
409.475,0.550666,9.583989,-1.388637,0.000000,0.004261,0.000000
414.530,0.533907,9.588778,-1.395820,0.002131,0.005326,-0.001065
419.586,0.509965,9.579201,-1.374272,0.001065,0.005326,0.000000
424.641,0.517148,9.583989,-1.412579,0.003196,0.004261,0.000000
429.696,0.509965,9.567230,-1.403002,0.003196,0.004261,-0.002131
434.752,0.524330,9.548077,-1.383849,0.002131,0.005326,-0.002131
439.807,0.514753,9.550470,-1.403002,0.001065,0.005326,0.000000
444.862,0.507571,9.603143,-1.393425,0.000000,0.006392,-0.002131
449.917,0.533907,9.579201,-1.369483,0.002131,0.006392,0.000000
454.972,0.524330,9.581595,-1.386243,0.000000,0.006392,-0.002131
460.028,0.512359,9.591172,-1.395820,0.002131,0.004261,-0.002131
465.083,0.517148,9.569624,-1.393425,0.003196,0.004261,-0.002131
470.138,0.519542,9.593566,-1.400608,0.001065,0.005326,-0.002131
475.193,0.555455,9.598354,-1.383849,0.000000,0.005326,-0.002131
480.248,0.524330,9.603143,-1.393425,0.001065,0.005326,-0.002131
485.304,0.545878,9.579201,-1.364695,0.002131,0.004261,-0.002131
490.359,0.519542,9.574412,-1.414973,0.002131,0.005326,-0.002131
495.414,0.524330,9.574412,-1.400608,0.000000,0.004261,-0.001065
500.469,0.509965,9.569624,-1.386243,0.001065,0.007457,-0.001065
505.524,0.517148,9.588778,-1.381454,0.000000,0.007457,-0.002131
510.580,0.533907,9.572019,-1.403002,0.003196,0.005326,0.001065
515.635,0.521936,9.581595,-1.405396,0.002131,0.006392,-0.002131
520.690,0.517148,9.588778,-1.393425,0.000000,0.005326,-0.002131
525.745,0.519542,9.574412,-1.393425,-0.001065,0.005326,-0.001065
530.801,0.505177,9.574412,-1.400608,0.001065,0.005326,0.000000
535.856,0.500388,9.560047,-1.398214,0.003196,0.005326,-0.001065
540.911,0.524330,9.574412,-1.400608,0.001065,0.004261,-0.001065
545.966,0.533907,9.581595,-1.417367,0.003196,0.006392,-0.003196
551.022,0.524330,9.600749,-1.412579,0.003196,0.006392,-0.001065
556.077,0.514753,9.591172,-1.414973,0.001065,0.005326,0.000000
561.132,0.524330,9.591172,-1.398214,0.002131,0.005326,-0.001065
566.187,0.531513,9.588778,-1.393425,0.001065,0.005326,-0.001065
571.242,0.536301,9.583989,-1.398214,0.000000,0.005326,-0.002131
576.298,0.536301,9.588778,-1.391031,0.001065,0.005326,-0.001065
581.353,0.538695,9.595961,-1.398214,0.001065,0.005326,-0.001065
586.408,0.529119,9.583989,-1.403002,0.001065,0.004261,-0.001065
591.464,0.548272,9.567230,-1.381454,0.002131,0.004261,-0.001065
596.519,0.543484,9.576807,-1.381454,0.004261,0.004261,-0.001065
601.574,0.514753,9.574412,-1.386243,0.003196,0.005326,-0.002131
606.629,0.524330,9.574412,-1.403002,0.001065,0.004261,-0.002131
611.684,0.529119,9.581595,-1.417367,0.002131,0.003196,0.000000
616.739,0.514753,9.593566,-1.386243,0.002131,0.006392,-0.001065
621.795,0.524330,9.574412,-1.379060,0.001065,0.006392,-0.001065
626.850,0.536301,9.591172,-1.405396,0.002131,0.004261,-0.004261
631.905,0.536301,9.583989,-1.410185,0.002131,0.004261,-0.001065
636.960,0.512359,9.579201,-1.395820,0.001065,0.005326,-0.003196
642.016,0.533907,9.598354,-1.407791,0.002131,0.005326,-0.001065
647.071,0.541090,9.583989,-1.407791,0.001065,0.006392,0.000000
652.126,0.524330,9.562442,-1.395820,0.003196,0.006392,0.001065
657.181,0.517148,9.581595,-1.367089,0.003196,0.005326,-0.001065
662.237,0.512359,9.572019,-1.388637,0.002131,0.005326,-0.001065
667.292,0.521936,9.583989,-1.374272,0.003196,0.004261,-0.001065
672.347,0.533907,9.576807,-1.395820,0.002131,0.007457,0.000000
677.402,0.529119,9.574412,-1.393425,0.000000,0.004261,-0.001065
682.458,0.543484,9.576807,-1.395820,0.004261,0.004261,-0.002131
687.513,0.529119,9.569624,-1.400608,0.001065,0.006392,-0.001065
692.568,0.533907,9.593566,-1.395820,0.001065,0.004261,0.000000
697.623,0.514753,9.588778,-1.398214,0.000000,0.005326,-0.003196
702.679,0.500388,9.572019,-1.383849,0.001065,0.005326,-0.001065
707.734,0.519542,9.579201,-1.374272,0.002131,0.003196,0.000000
712.789,0.533907,9.586384,-1.386243,0.002131,0.006392,0.000000
717.844,0.538695,9.588778,-1.403002,0.002131,0.007457,-0.001065
722.899,0.521936,9.583989,-1.398214,0.001065,0.006392,0.000000
727.955,0.519542,9.579201,-1.422156,0.002131,0.005326,-0.002131
733.010,0.519542,9.600749,-1.407791,0.001065,0.005326,-0.001065
738.065,0.533907,9.579201,-1.383849,0.001065,0.006392,-0.001065
743.120,0.553061,9.569624,-1.395820,0.002131,0.006392,0.000000
748.179,0.509965,9.574412,-1.412579,0.002131,0.006392,-0.002131
753.231,0.519542,9.560047,-1.403002,0.002131,0.004261,-0.001065
758.286,0.517148,9.598354,-1.388637,0.000000,0.005326,0.000000
763.341,0.545878,9.591172,-1.388637,0.000000,0.005326,-0.001065
768.397,0.553061,9.572019,-1.407791,0.003196,0.005326,-0.001065
773.452,0.533907,9.581595,-1.386243,0.002131,0.005326,-0.001065
778.507,0.514753,9.598354,-1.393425,0.002131,0.005326,-0.002131
783.563,0.538695,9.586384,-1.400608,0.002131,0.005326,-0.002131
788.618,0.541090,9.593566,-1.388637,0.002131,0.004261,-0.002131
793.673,0.519542,9.579201,-1.367089,0.003196,0.005326,-0.002131
798.728,0.531513,9.595961,-1.383849,0.001065,0.006392,0.000000
803.783,0.514753,9.588778,-1.383849,0.001065,0.005326,-0.001065
808.839,0.505177,9.605537,-1.412579,0.002131,0.006392,-0.003196
813.894,0.519542,9.572019,-1.400608,0.002131,0.006392,-0.003196
818.949,0.543484,9.588778,-1.405396,0.003196,0.005326,-0.001065
824.004,0.541090,9.574412,-1.400608,0.004261,0.004261,-0.001065
829.060,0.533907,9.567230,-1.407791,0.002131,0.005326,-0.002131
834.117,0.526724,9.593566,-1.391031,0.002131,0.005326,-0.001065
839.170,0.517148,9.595961,-1.379060,0.003196,0.007457,-0.002131
844.225,0.533907,9.583989,-1.386243,0.002131,0.005326,-0.002131
849.280,0.526724,9.583989,-1.395820,0.003196,0.004261,-0.001065
854.336,0.514753,9.572019,-1.391031,0.001065,0.004261,-0.001065
859.391,0.509965,9.588778,-1.400608,0.001065,0.004261,-0.001065
864.446,0.512359,9.583989,-1.391031,0.002131,0.004261,-0.001065
869.501,0.505177,9.581595,-1.391031,0.002131,0.005326,0.000000
874.557,0.521936,9.574412,-1.403002,0.002131,0.006392,0.000000
879.612,0.507571,9.576807,-1.388637,0.002131,0.006392,-0.001065
884.667,0.517148,9.593566,-1.419762,0.001065,0.006392,0.000000
889.723,0.538695,9.588778,-1.414973,0.001065,0.005326,-0.001065
894.777,0.531513,9.593566,-1.398214,0.001065,0.004261,-0.002131
899.833,0.521936,9.600749,-1.393425,0.001065,0.004261,-0.002131
904.888,0.529119,9.583989,-1.393425,0.001065,0.006392,-0.001065
909.943,0.531513,9.588778,-1.376666,0.001065,0.005326,-0.002131
914.998,0.526724,9.593566,-1.405396,0.004261,0.004261,-0.001065
920.054,0.531513,9.576807,-1.398214,0.003196,0.005326,-0.001065
925.111,0.526724,9.607931,-1.374272,0.000000,0.004261,-0.002131
930.164,0.531513,9.591172,-1.374272,0.001065,0.006392,0.000000
935.220,0.521936,9.560047,-1.376666,0.002131,0.005326,0.000000
940.275,0.521936,9.581595,-1.400608,0.000000,0.006392,-0.002131
945.330,0.538695,9.576807,-1.405396,0.003196,0.005326,-0.001065
950.385,0.526724,9.586384,-1.410185,0.003196,0.004261,-0.002131
955.440,0.531513,9.560047,-1.395820,0.001065,0.006392,-0.002131
960.496,0.543484,9.579201,-1.374272,0.001065,0.006392,-0.002131
965.551,0.538695,9.586384,-1.395820,0.002131,0.006392,0.000000
970.606,0.517148,9.586384,-1.410185,0.003196,0.003196,-0.001065
975.661,0.536301,9.600749,-1.407791,0.003196,0.005326,-0.001065
980.717,0.526724,9.588778,-1.395820,0.001065,0.005326,-0.001065
985.772,0.509965,9.595961,-1.405396,0.003196,0.003196,-0.001065
990.827,0.524330,9.579201,-1.393425,0.004261,0.005326,0.000000
995.882,0.502782,9.572019,-1.369483,0.002131,0.006392,-0.002131
1000.937,0.507571,9.591172,-1.369483,0.000000,0.005326,-0.001065
1005.993,0.521936,9.572019,-1.383849,0.001065,0.006392,-0.001065
1011.049,0.533907,9.591172,-1.376666,0.001065,0.005326,-0.002131
1016.103,0.517148,9.574412,-1.386243,0.000000,0.006392,-0.002131
1021.158,0.517148,9.579201,-1.414973,0.000000,0.004261,-0.003196
1026.214,0.531513,9.598354,-1.410185,0.003196,0.005326,0.000000
1031.269,0.526724,9.595961,-1.393425,0.003196,0.007457,-0.002131
1036.324,0.519542,9.588778,-1.398214,0.000000,0.005326,-0.001065
1041.380,0.531513,9.598354,-1.417367,0.000000,0.006392,-0.001065
1046.435,0.495600,9.574412,-1.410185,0.002131,0.004261,-0.001065
1051.490,0.509965,9.600749,-1.386243,0.002131,0.005326,-0.001065
1056.545,0.538695,9.619903,-1.379060,0.003196,0.005326,0.000000
1061.600,0.521936,9.588778,-1.403002,0.002131,0.005326,-0.001065
1066.655,0.519542,9.617508,-1.388637,0.002131,0.006392,-0.002131
1071.710,0.514753,9.612720,-1.391031,0.000000,0.005326,-0.001065
1076.767,0.526724,9.586384,-1.381454,0.001065,0.005326,0.000000
1081.822,0.517148,9.579201,-1.379060,0.002131,0.005326,0.000000
1086.876,0.514753,9.588778,-1.395820,0.003196,0.005326,0.001065
1091.932,0.533907,9.588778,-1.393425,0.003196,0.007457,-0.003196
1096.987,0.536301,9.579201,-1.424550,0.002131,0.005326,-0.002131
1102.042,0.505177,9.564836,-1.398214,0.003196,0.004261,-0.001065
1107.097,0.521936,9.588778,-1.414973,0.002131,0.003196,-0.001065
1112.153,0.514753,9.588778,-1.393425,0.001065,0.006392,-0.001065
1117.208,0.502782,9.581595,-1.407791,0.001065,0.005326,0.000000
1122.263,0.529119,9.574412,-1.403002,0.001065,0.002131,-0.001065
1127.318,0.555455,9.574412,-1.412579,0.003196,0.004261,-0.002131
1132.374,0.531513,9.598354,-1.395820,0.001065,0.007457,-0.002131
1137.429,0.514753,9.595961,-1.398214,0.002131,0.006392,-0.001065
1142.484,0.519542,9.574412,-1.398214,0.002131,0.003196,0.000000
1147.539,0.514753,9.610326,-1.388637,0.003196,0.005326,-0.002131
1152.594,0.521936,9.583989,-1.400608,0.003196,0.007457,-0.003196
1157.650,0.553061,9.579201,-1.371878,0.001065,0.005326,-0.001065
1162.705,0.526724,9.574412,-1.388637,0.002131,0.005326,-0.001065
1167.760,0.519542,9.588778,-1.374272,0.003196,0.005326,-0.002131
1172.815,0.524330,9.591172,-1.395820,0.001065,0.005326,-0.002131
1177.871,0.529119,9.588778,-1.379060,0.002131,0.006392,-0.001065
1182.926,0.533907,9.583989,-1.407791,0.001065,0.005326,-0.001065
1187.981,0.497994,9.581595,-1.391031,0.000000,0.005326,-0.002131
1193.036,0.512359,9.586384,-1.388637,0.000000,0.004261,-0.001065
1198.092,0.514753,9.586384,-1.407791,0.004261,0.005326,-0.002131
1203.147,0.517148,9.593566,-1.395820,0.003196,0.006392,-0.001065
1208.202,0.517148,9.591172,-1.381454,0.000000,0.005326,-0.001065
1213.258,0.514753,9.564836,-1.386243,0.001065,0.004261,0.000000
1218.313,0.514753,9.579201,-1.400608,0.002131,0.003196,-0.002131
1223.368,0.536301,9.567230,-1.379060,0.002131,0.005326,-0.002131
1228.423,0.514753,9.572019,-1.388637,-0.001065,0.004261,-0.001065
1233.478,0.517148,9.562442,-1.403002,0.002131,0.004261,-0.002131
1238.533,0.533907,9.576807,-1.412579,0.002131,0.006392,-0.003196
1243.589,0.514753,9.586384,-1.395820,0.000000,0.006392,-0.001065
1248.644,0.517148,9.583989,-1.383849,0.001065,0.005326,-0.002131
1253.699,0.543484,9.560047,-1.395820,0.001065,0.005326,0.000000
1258.755,0.538695,9.593566,-1.405396,0.002131,0.006392,-0.001065
1263.810,0.500388,9.586384,-1.410185,0.001065,0.007457,-0.002131
1268.865,0.526724,9.583989,-1.393425,0.001065,0.004261,0.000000
1273.920,0.531513,9.588778,-1.403002,0.002131,0.004261,-0.001065
1278.976,0.507571,9.576807,-1.386243,0.001065,0.004261,-0.001065
1284.031,0.519542,9.576807,-1.395820,0.002131,0.006392,-0.002131
1289.086,0.536301,9.588778,-1.403002,0.001065,0.005326,-0.001065
1294.141,0.521936,9.552865,-1.371878,0.001065,0.004261,-0.002131
1299.197,0.521936,9.593566,-1.398214,0.001065,0.005326,-0.001065
1304.252,0.529119,9.581595,-1.407791,0.000000,0.005326,0.000000
1309.307,0.521936,9.552865,-1.398214,0.001065,0.004261,-0.002131
1314.362,0.509965,9.581595,-1.381454,0.000000,0.005326,-0.002131
1319.417,0.497994,9.569624,-1.395820,0.000000,0.006392,-0.002131
1324.472,0.533907,9.581595,-1.386243,0.002131,0.007457,-0.001065
1329.528,0.519542,9.576807,-1.381454,0.002131,0.007457,-0.002131
1334.583,0.514753,9.586384,-1.379060,0.002131,0.006392,-0.001065
1339.638,0.512359,9.595961,-1.412579,0.003196,0.003196,0.000000
1344.693,0.507571,9.588778,-1.383849,0.002131,0.004261,-0.002131
1349.749,0.529119,9.586384,-1.403002,0.002131,0.004261,-0.001065
1354.804,0.529119,9.572019,-1.414973,0.002131,0.005326,-0.001065
1359.860,0.529119,9.579201,-1.403002,0.001065,0.005326,-0.002131
1364.914,0.514753,9.564836,-1.393425,0.003196,0.003196,-0.001065
1369.970,0.519542,9.567230,-1.400608,0.002131,0.004261,-0.001065
1375.025,0.521936,9.567230,-1.395820,0.001065,0.005326,-0.001065
1380.080,0.505177,9.572019,-1.383849,0.001065,0.005326,-0.002131
1385.135,0.524330,9.581595,-1.383849,0.003196,0.005326,-0.001065
1390.191,0.529119,9.583989,-1.362301,0.002131,0.006392,-0.001065
1395.246,0.514753,9.591172,-1.400608,0.003196,0.007457,-0.001065
1400.301,0.521936,9.600749,-1.407791,0.003196,0.005326,0.000000
1405.356,0.529119,9.567230,-1.379060,0.002131,0.005326,0.000000
1410.412,0.533907,9.581595,-1.379060,0.001065,0.005326,0.000000
1415.467,0.531513,9.607931,-1.395820,0.002131,0.004261,-0.002131
1420.522,0.536301,9.595961,-1.407791,0.002131,0.005326,-0.001065
1425.577,0.514753,9.564836,-1.412579,0.001065,0.004261,-0.001065
1430.633,0.519542,9.569624,-1.393425,0.003196,0.002131,-0.001065
1435.688,0.521936,9.574412,-1.407791,0.000000,0.005326,-0.001065
1440.742,0.519542,9.583989,-1.386243,0.001065,0.005326,-0.002131
1445.800,0.526724,9.595961,-1.376666,0.004261,0.005326,-0.001065
1450.854,0.519542,9.588778,-1.381454,0.002131,0.006392,-0.001065
1455.909,0.524330,9.593566,-1.391031,0.003196,0.005326,-0.002131
1460.964,0.529119,9.598354,-1.405396,0.003196,0.005326,0.000000
1466.019,0.531513,9.593566,-1.374272,0.001065,0.005326,-0.001065
1471.075,0.517148,9.574412,-1.400608,0.002131,0.005326,0.000000
1476.130,0.526724,9.583989,-1.391031,0.001065,0.006392,-0.003196
1481.185,0.533907,9.588778,-1.391031,0.003196,0.006392,-0.001065
1486.240,0.519542,9.576807,-1.388637,0.002131,0.006392,-0.001065
1491.296,0.521936,9.591172,-1.371878,-0.001065,0.005326,-0.003196
1496.351,0.541090,9.572019,-1.393425,0.001065,0.005326,-0.001065
1501.406,0.536301,9.579201,-1.405396,0.001065,0.007457,-0.001065
1506.461,0.517148,9.588778,-1.367089,0.000000,0.006392,-0.003196
1511.516,0.521936,9.576807,-1.398214,0.001065,0.004261,-0.003196
1516.572,0.521936,9.586384,-1.405396,0.003196,0.005326,-0.001065
1521.627,0.507571,9.572019,-1.386243,0.002131,0.005326,0.000000
1526.682,0.519542,9.591172,-1.393425,0.001065,0.005326,-0.001065
1531.737,0.529119,9.583989,-1.422156,0.002131,0.006392,-0.001065
1536.793,0.519542,9.588778,-1.414973,0.002131,0.006392,-0.002131
1541.848,0.514753,9.593566,-1.367089,0.002131,0.005326,-0.002131
1546.904,0.521936,9.557653,-1.374272,0.001065,0.005326,-0.002131
1551.958,0.519542,9.586384,-1.400608,0.002131,0.005326,-0.002131
1557.014,0.524330,9.583989,-1.381454,0.001065,0.004261,-0.001065
1562.069,0.521936,9.581595,-1.395820,0.002131,0.003196,-0.001065
1567.124,0.519542,9.567230,-1.403002,0.001065,0.005326,-0.003196
1572.179,0.531513,9.588778,-1.395820,0.002131,0.006392,-0.002131
1577.234,0.505177,9.591172,-1.403002,0.004261,0.005326,-0.001065
1582.290,0.517148,9.581595,-1.383849,0.003196,0.005326,-0.001065
1587.345,0.541090,9.588778,-1.376666,0.001065,0.006392,-0.002131
1592.400,0.548272,9.598354,-1.371878,0.001065,0.006392,-0.002131
1597.455,0.543484,9.574412,-1.381454,0.001065,0.005326,-0.002131
1602.510,0.517148,9.569624,-1.407791,0.002131,0.005326,-0.001065
1607.566,0.517148,9.581595,-1.383849,0.002131,0.005326,-0.001065
1612.621,0.502782,9.579201,-1.407791,0.002131,0.006392,-0.002131
1617.677,0.521936,9.598354,-1.391031,0.002131,0.005326,-0.001065
1622.731,0.531513,9.595961,-1.369483,0.002131,0.005326,-0.002131
1627.787,0.533907,9.612720,-1.381454,0.001065,0.004261,0.000000
1632.842,0.543484,9.598354,-1.386243,0.001065,0.004261,-0.001065
1637.897,0.526724,9.576807,-1.400608,0.002131,0.003196,-0.001065
1642.953,0.529119,9.591172,-1.388637,0.002131,0.005326,-0.002131
1648.008,0.521936,9.579201,-1.395820,0.001065,0.006392,-0.001065
1653.063,0.519542,9.564836,-1.383849,0.001065,0.004261,-0.001065
1658.118,0.526724,9.574412,-1.405396,0.000000,0.007457,0.000000
1663.174,0.533907,9.588778,-1.393425,0.003196,0.004261,0.000000
1668.229,0.507571,9.595961,-1.386243,0.003196,0.006392,-0.002131
1673.284,0.538695,9.583989,-1.386243,0.001065,0.005326,-0.001065
1678.339,0.526724,9.564836,-1.403002,0.002131,0.004261,-0.001065
1683.395,0.502782,9.579201,-1.398214,0.002131,0.006392,-0.002131
1688.450,0.519542,9.579201,-1.388637,0.002131,0.007457,-0.002131
1693.505,0.536301,9.569624,-1.383849,0.002131,0.007457,-0.002131
1698.560,0.509965,9.569624,-1.393425,0.000000,0.007457,-0.002131
1703.616,0.533907,9.610326,-1.391031,0.001065,0.006392,0.000000
1708.671,0.543484,9.588778,-1.383849,0.001065,0.004261,0.000000
1713.726,0.531513,9.552865,-1.405396,0.002131,0.006392,-0.001065
1718.781,0.514753,9.586384,-1.391031,0.001065,0.006392,-0.002131
1723.836,0.517148,9.581595,-1.407791,0.001065,0.005326,-0.002131
1728.892,0.517148,9.591172,-1.395820,0.001065,0.005326,-0.001065
1733.947,0.529119,9.581595,-1.393425,0.002131,0.006392,-0.002131
1739.002,0.531513,9.600749,-1.398214,0.002131,0.005326,-0.002131
1744.058,0.533907,9.581595,-1.386243,0.002131,0.004261,0.000000
1749.115,0.507571,9.588778,-1.364695,0.002131,0.005326,-0.002131
1754.168,0.526724,9.586384,-1.393425,0.001065,0.005326,-0.001065
1759.223,0.541090,9.600749,-1.403002,0.002131,0.004261,-0.002131
1764.278,0.514753,9.591172,-1.412579,0.002131,0.005326,-0.002131
1769.334,0.512359,9.591172,-1.383849,0.001065,0.006392,0.000000
1774.389,0.519542,9.603143,-1.403002,0.001065,0.005326,-0.001065
1779.444,0.505177,9.581595,-1.410185,0.002131,0.004261,-0.002131
1784.499,0.519542,9.593566,-1.388637,0.001065,0.004261,-0.003196
1789.555,0.531513,9.598354,-1.412579,-0.001065,0.005326,-0.001065
1794.610,0.524330,9.591172,-1.388637,0.001065,0.005326,0.000000
1799.665,0.533907,9.572019,-1.383849,0.002131,0.005326,-0.002131
1804.720,0.524330,9.562442,-1.369483,0.001065,0.005326,-0.001065
1809.776,0.512359,9.581595,-1.410185,0.003196,0.003196,-0.002131
1814.831,0.500388,9.564836,-1.412579,0.002131,0.003196,-0.001065
1819.886,0.529119,9.586384,-1.405396,0.000000,0.004261,-0.002131
1824.941,0.541090,9.591172,-1.391031,0.001065,0.004261,-0.002131
1829.999,0.529119,9.567230,-1.391031,0.002131,0.005326,-0.002131
1835.052,0.531513,9.579201,-1.410185,0.002131,0.006392,-0.002131
1840.107,0.524330,9.583989,-1.407791,0.001065,0.005326,-0.001065
1845.162,0.514753,9.586384,-1.386243,0.001065,0.003196,0.000000
1850.217,0.526724,9.591172,-1.410185,0.001065,0.004261,0.000000
1855.273,0.526724,9.572019,-1.405396,0.003196,0.005326,-0.002131
1860.328,0.524330,9.588778,-1.376666,0.003196,0.006392,0.000000
1865.383,0.524330,9.576807,-1.369483,0.001065,0.005326,-0.001065
1870.438,0.533907,9.572019,-1.388637,0.003196,0.005326,0.000000
1875.494,0.529119,9.598354,-1.407791,0.003196,0.004261,-0.001065
1880.549,0.517148,9.591172,-1.381454,0.001065,0.004261,-0.003196
1885.604,0.536301,9.583989,-1.398214,0.002131,0.006392,-0.003196
1890.660,0.521936,9.567230,-1.359907,0.003196,0.007457,-0.002131
1895.715,0.538695,9.579201,-1.388637,0.002131,0.008522,-0.001065
1900.770,0.545878,9.593566,-1.393425,0.000000,0.006392,-0.003196
1905.825,0.519542,9.595961,-1.400608,0.001065,0.006392,-0.003196
1910.881,0.512359,9.593566,-1.400608,0.003196,0.005326,0.000000
1915.936,0.524330,9.600749,-1.388637,0.002131,0.004261,-0.001065
1920.991,0.531513,9.583989,-1.398214,0.000000,0.006392,-0.002131
1926.046,0.519542,9.600749,-1.395820,0.002131,0.005326,-0.002131
1931.101,0.505177,9.583989,-1.386243,0.004261,0.005326,-0.001065
1936.157,0.490811,9.586384,-1.398214,0.003196,0.006392,-0.001065
1941.212,0.531513,9.595961,-1.379060,0.002131,0.004261,0.000000
1946.267,0.538695,9.583989,-1.374272,0.002131,0.006392,-0.001065
1951.322,0.521936,9.569624,-1.388637,0.001065,0.005326,-0.001065
1956.377,0.519542,9.576807,-1.400608,0.001065,0.006392,-0.001065
1961.433,0.533907,9.576807,-1.403002,0.000000,0.005326,-0.002131
1966.488,0.533907,9.588778,-1.398214,0.002131,0.003196,-0.002131
1971.543,0.517148,9.586384,-1.395820,0.003196,0.005326,-0.002131
1976.599,0.526724,9.579201,-1.391031,0.003196,0.007457,-0.002131
1981.654,0.536301,9.595961,-1.386243,0.002131,0.005326,-0.001065
1986.709,0.531513,9.588778,-1.393425,0.002131,0.006392,-0.001065
1991.764,0.526724,9.610326,-1.393425,0.001065,0.007457,-0.003196
1996.820,0.507571,9.598354,-1.386243,0.001065,0.006392,-0.001065
2001.875,0.524330,9.574412,-1.371878,0.001065,0.004261,-0.002131
2006.930,0.517148,9.579201,-1.383849,0.002131,0.006392,-0.002131
2011.985,0.543484,9.593566,-1.403002,0.002131,0.005326,-0.002131
2017.041,0.521936,9.591172,-1.364695,0.001065,0.004261,-0.001065
2022.096,0.519542,9.576807,-1.367089,0.003196,0.004261,0.001065
2027.151,0.517148,9.586384,-1.414973,0.001065,0.005326,-0.001065
2032.206,0.519542,9.576807,-1.395820,0.000000,0.005326,-0.002131
2037.261,0.526724,9.586384,-1.398214,0.001065,0.006392,-0.003196
2042.317,0.512359,9.595961,-1.388637,0.002131,0.005326,-0.002131
2047.372,0.519542,9.572019,-1.386243,0.001065,0.006392,-0.001065
2052.427,0.524330,9.586384,-1.400608,0.003196,0.005326,0.000000
2057.482,0.538695,9.595961,-1.376666,0.001065,0.004261,-0.002131
2062.538,0.536301,9.605537,-1.376666,0.001065,0.006392,-0.002131
2067.593,0.519542,9.593566,-1.407791,0.001065,0.006392,-0.003196
2072.648,0.505177,9.576807,-1.407791,0.002131,0.007457,-0.001065
2077.703,0.512359,9.583989,-1.369483,0.003196,0.005326,-0.001065
2082.759,0.526724,9.583989,-1.405396,0.002131,0.005326,-0.001065
2087.814,0.521936,9.564836,-1.410185,0.001065,0.004261,-0.002131
2092.869,0.512359,9.562442,-1.393425,0.001065,0.006392,-0.004261
2097.924,0.524330,9.562442,-1.400608,0.003196,0.003196,-0.001065
2102.980,0.514753,9.557653,-1.398214,0.001065,0.004261,-0.001065
2108.035,0.529119,9.579201,-1.398214,0.002131,0.004261,0.000000
2113.090,0.524330,9.569624,-1.403002,0.002131,0.005326,-0.002131
2118.145,0.548272,9.593566,-1.369483,0.002131,0.005326,-0.002131
2123.200,0.536301,9.593566,-1.381454,-0.001065,0.004261,-0.002131
2128.256,0.505177,9.617508,-1.410185,0.001065,0.005326,-0.003196
2133.311,0.497994,9.595961,-1.374272,0.002131,0.005326,-0.001065
2138.366,0.531513,9.569624,-1.383849,-0.001065,0.006392,0.000000
2143.421,0.553061,9.569624,-1.398214,0.001065,0.004261,0.000000
2148.477,0.533907,9.569624,-1.403002,0.000000,0.005326,-0.001065
2153.532,0.512359,9.583989,-1.395820,0.003196,0.007457,-0.003196
2158.587,0.512359,9.588778,-1.381454,0.003196,0.005326,-0.001065
2163.643,0.536301,9.581595,-1.391031,0.001065,0.005326,-0.001065
2168.698,0.526724,9.583989,-1.376666,0.003196,0.005326,-0.002131
2173.753,0.526724,9.576807,-1.393425,0.001065,0.005326,-0.001065
2178.808,0.521936,9.593566,-1.403002,0.001065,0.007457,-0.003196
2183.864,0.526724,9.579201,-1.386243,0.002131,0.007457,-0.001065
2188.919,0.521936,9.603143,-1.388637,0.001065,0.006392,-0.001065
2193.974,0.507571,9.591172,-1.371878,0.002131,0.005326,-0.002131
2199.029,0.521936,9.612720,-1.410185,0.000000,0.005326,-0.001065
2204.084,0.529119,9.586384,-1.381454,0.001065,0.006392,-0.002131
2209.140,0.517148,9.583989,-1.395820,0.003196,0.004261,0.000000
2214.195,0.519542,9.579201,-1.388637,0.001065,0.005326,-0.001065
2219.250,0.509965,9.591172,-1.414973,0.001065,0.004261,-0.001065
2224.305,0.521936,9.574412,-1.412579,0.003196,0.005326,-0.002131
2229.361,0.521936,9.564836,-1.398214,0.001065,0.006392,0.000000
2234.416,0.524330,9.574412,-1.393425,0.001065,0.005326,-0.002131
2239.471,0.519542,9.567230,-1.376666,0.002131,0.004261,-0.001065
2244.526,0.529119,9.574412,-1.414973,0.002131,0.005326,0.000000
2249.582,0.502782,9.583989,-1.403002,0.002131,0.005326,-0.001065
2254.637,0.509965,9.586384,-1.386243,0.001065,0.006392,-0.001065
2259.692,0.531513,9.569624,-1.369483,0.003196,0.005326,-0.002131
2264.748,0.538695,9.586384,-1.381454,0.003196,0.004261,-0.002131
2269.803,0.519542,9.576807,-1.388637,0.001065,0.004261,-0.001065
2274.858,0.533907,9.562442,-1.388637,0.002131,0.005326,-0.002131
2279.913,0.529119,9.576807,-1.369483,0.003196,0.005326,-0.001065
2284.968,0.531513,9.586384,-1.393425,0.001065,0.007457,-0.001065
2290.024,0.517148,9.572019,-1.386243,0.001065,0.006392,-0.002131
2295.079,0.514753,9.576807,-1.417367,0.003196,0.006392,-0.001065
2300.134,0.517148,9.588778,-1.419762,0.002131,0.004261,0.000000
2305.189,0.517148,9.591172,-1.412579,0.004261,0.005326,-0.001065
2310.244,0.526724,9.579201,-1.407791,0.001065,0.005326,-0.001065
2315.300,0.519542,9.603143,-1.407791,0.001065,0.006392,-0.002131
2320.355,0.526724,9.588778,-1.410185,0.003196,0.006392,-0.001065
2325.410,0.517148,9.579201,-1.391031,0.002131,0.005326,-0.001065
2330.465,0.519542,9.593566,-1.364695,0.000000,0.006392,0.000000
2335.521,0.521936,9.600749,-1.374272,0.002131,0.006392,0.000000
2340.576,0.519542,9.572019,-1.362301,0.003196,0.005326,-0.001065
2345.631,0.519542,9.560047,-1.391031,0.002131,0.006392,-0.003196
2350.686,0.521936,9.588778,-1.398214,0.002131,0.005326,-0.001065
2355.741,0.514753,9.572019,-1.386243,0.003196,0.005326,-0.001065
2360.796,0.521936,9.595961,-1.362301,0.001065,0.005326,-0.004261
2365.852,0.531513,9.574412,-1.400608,0.001065,0.004261,0.000000
2370.908,0.538695,9.598354,-1.422156,0.002131,0.005326,-0.002131
2375.962,0.521936,9.583989,-1.383849,0.001065,0.003196,-0.002131
2381.018,0.529119,9.600749,-1.374272,0.002131,0.004261,-0.002131
2386.073,0.533907,9.603143,-1.407791,0.003196,0.006392,-0.002131
2391.128,0.524330,9.605537,-1.395820,0.002131,0.005326,-0.001065
2396.184,0.509965,9.564836,-1.391031,0.000000,0.004261,0.000000
2401.239,0.512359,9.591172,-1.383849,0.002131,0.004261,0.000000
2406.294,0.524330,9.598354,-1.383849,0.000000,0.005326,-0.002131
2411.349,0.509965,9.583989,-1.386243,0.002131,0.005326,-0.001065
2416.405,0.533907,9.583989,-1.403002,0.002131,0.004261,-0.002131
2421.460,0.550666,9.586384,-1.417367,0.001065,0.005326,-0.002131
2426.515,0.529119,9.593566,-1.386243,0.000000,0.007457,-0.002131
2431.570,0.512359,9.593566,-1.398214,0.003196,0.004261,-0.002131
2436.626,0.509965,9.581595,-1.405396,0.003196,0.005326,-0.001065
2441.681,0.531513,9.567230,-1.388637,0.001065,0.005326,-0.002131
2446.736,0.514753,9.583989,-1.376666,0.002131,0.005326,-0.002131
2451.791,0.509965,9.610326,-1.412579,0.000000,0.006392,-0.003196
2456.847,0.512359,9.572019,-1.403002,0.001065,0.005326,-0.001065
2461.902,0.521936,9.574412,-1.410185,0.001065,0.005326,0.001065
2466.957,0.531513,9.572019,-1.393425,0.001065,0.006392,0.000000
2472.012,0.533907,9.593566,-1.345541,-0.001065,0.006392,-0.001065
2477.067,0.512359,9.588778,-1.383849,0.000000,0.005326,-0.002131
2482.123,0.505177,9.586384,-1.407791,0.001065,0.004261,-0.001065
2487.178,0.512359,9.555259,-1.400608,0.001065,0.005326,-0.001065
2492.233,0.519542,9.588778,-1.395820,0.000000,0.006392,0.000000
2497.288,0.524330,9.588778,-1.391031,0.000000,0.006392,-0.002131
2502.344,0.524330,9.579201,-1.393425,0.001065,0.004261,-0.002131
2507.399,0.524330,9.595961,-1.403002,0.000000,0.005326,-0.002131
2512.455,0.512359,9.576807,-1.391031,0.001065,0.006392,-0.001065
2517.509,0.531513,9.598354,-1.383849,0.001065,0.005326,-0.001065
2522.565,0.536301,9.588778,-1.391031,0.002131,0.006392,-0.001065
2527.620,0.521936,9.586384,-1.398214,0.002131,0.006392,-0.001065
2532.675,0.521936,9.576807,-1.383849,0.002131,0.006392,-0.002131
2537.730,0.533907,9.555259,-1.383849,0.003196,0.007457,-0.001065
2542.786,0.514753,9.574412,-1.391031,0.002131,0.004261,-0.002131
2547.841,0.529119,9.579201,-1.386243,0.001065,0.004261,-0.001065
2552.898,0.529119,9.562442,-1.407791,0.003196,0.005326,0.000000
2557.951,0.519542,9.588778,-1.407791,0.002131,0.004261,-0.001065
2563.007,0.533907,9.591172,-1.383849,0.001065,0.006392,-0.001065
2568.062,0.531513,9.588778,-1.383849,0.001065,0.006392,-0.001065
2573.125,0.529119,9.591172,-1.412579,0.002131,0.004261,-0.002131
2578.172,0.519542,9.581595,-1.410185,0.003196,0.005326,-0.002131
2583.229,0.497994,9.605537,-1.383849,0.000000,0.005326,-0.001065
2588.283,0.519542,9.581595,-1.383849,0.001065,0.005326,-0.001065
2593.338,0.548272,9.567230,-1.388637,0.004261,0.004261,-0.002131
2598.394,0.521936,9.574412,-1.386243,0.001065,0.006392,-0.001065
2603.449,0.519542,9.583989,-1.371878,0.000000,0.005326,-0.001065
2608.504,0.529119,9.576807,-1.376666,0.001065,0.005326,-0.003196
2613.559,0.519542,9.581595,-1.395820,0.001065,0.005326,-0.001065
2618.615,0.541090,9.550470,-1.381454,0.000000,0.006392,-0.001065
2623.670,0.543484,9.560047,-1.379060,0.002131,0.006392,-0.002131
2628.725,0.509965,9.583989,-1.374272,0.002131,0.005326,-0.002131
2633.780,0.531513,9.591172,-1.381454,0.003196,0.006392,-0.002131
2638.835,0.526724,9.593566,-1.405396,0.001065,0.008522,-0.001065
2643.891,0.517148,9.581595,-1.400608,0.000000,0.007457,-0.002131
2648.946,0.514753,9.586384,-1.400608,0.000000,0.006392,-0.001065
2654.001,0.531513,9.569624,-1.371878,0.000000,0.007457,-0.001065
2659.056,0.529119,9.581595,-1.395820,0.002131,0.005326,-0.002131
2664.114,0.541090,9.572019,-1.417367,0.003196,0.005326,0.000000
2669.169,0.512359,9.579201,-1.369483,0.000000,0.004261,0.000000
2674.222,0.526724,9.581595,-1.369483,0.001065,0.004261,-0.001065
2679.277,0.531513,9.583989,-1.374272,0.001065,0.004261,-0.001065
2684.332,0.526724,9.593566,-1.374272,0.001065,0.006392,-0.002131
2689.388,0.507571,9.560047,-1.383849,0.002131,0.005326,-0.002131
2694.443,0.543484,9.588778,-1.400608,0.001065,0.005326,-0.002131
2699.499,0.531513,9.564836,-1.388637,0.001065,0.005326,-0.002131
2704.554,0.521936,9.583989,-1.386243,0.001065,0.006392,0.000000
2709.609,0.507571,9.593566,-1.383849,0.000000,0.005326,-0.001065
2714.664,0.526724,9.598354,-1.400608,0.000000,0.006392,0.000000
2719.719,0.524330,9.564836,-1.405396,0.001065,0.005326,0.000000
2724.775,0.543484,9.591172,-1.388637,0.002131,0.006392,-0.001065
2729.829,0.545878,9.562442,-1.388637,0.002131,0.005326,0.001065
2734.885,0.555455,9.581595,-1.357512,0.000000,0.005326,-0.001065
2739.940,0.529119,9.581595,-1.381454,0.001065,0.005326,-0.001065
2744.995,0.538695,9.593566,-1.376666,0.004261,0.005326,0.000000
2750.051,0.531513,9.581595,-1.388637,0.002131,0.006392,0.001065
2755.106,0.512359,9.591172,-1.374272,0.001065,0.005326,-0.001065
2760.161,0.529119,9.586384,-1.376666,0.001065,0.006392,-0.002131
2765.216,0.531513,9.595961,-1.395820,0.002131,0.004261,0.000000
2770.272,0.524330,9.588778,-1.414973,0.002131,0.005326,-0.003196
2775.327,0.514753,9.607931,-1.407791,0.002131,0.006392,-0.002131
2780.382,0.507571,9.591172,-1.383849,0.001065,0.005326,-0.001065
2785.438,0.514753,9.595961,-1.405396,0.001065,0.004261,-0.001065
2790.493,0.509965,9.600749,-1.412579,0.002131,0.005326,-0.001065
2795.548,0.524330,9.579201,-1.398214,0.001065,0.006392,-0.002131
2800.603,0.543484,9.598354,-1.403002,0.002131,0.005326,-0.001065
2805.660,0.512359,9.588778,-1.393425,0.002131,0.005326,-0.001065
2810.713,0.517148,9.574412,-1.376666,0.002131,0.006392,-0.001065
2815.769,0.526724,9.560047,-1.407791,0.003196,0.007457,-0.001065
2820.824,0.509965,9.576807,-1.376666,0.003196,0.006392,0.001065
2825.879,0.529119,9.586384,-1.369483,0.002131,0.005326,0.001065
2830.936,0.538695,9.583989,-1.410185,0.003196,0.004261,-0.001065
2835.990,0.519542,9.600749,-1.386243,0.001065,0.006392,-0.003196
2841.045,0.524330,9.603143,-1.376666,0.000000,0.006392,-0.002131
2846.100,0.502782,9.600749,-1.400608,0.001065,0.005326,-0.001065
2851.155,0.512359,9.603143,-1.410185,0.001065,0.005326,-0.002131
2856.211,0.529119,9.598354,-1.376666,0.002131,0.005326,-0.003196
2861.266,0.538695,9.591172,-1.403002,0.003196,0.005326,-0.002131
2866.321,0.526724,9.591172,-1.383849,0.004261,0.005326,0.000000
2871.377,0.512359,9.583989,-1.379060,0.002131,0.007457,-0.001065
2876.432,0.531513,9.569624,-1.391031,0.000000,0.005326,-0.001065
2881.487,0.548272,9.579201,-1.403002,0.002131,0.005326,-0.002131
2886.542,0.543484,9.576807,-1.417367,0.001065,0.006392,-0.001065
2891.598,0.543484,9.564836,-1.410185,0.000000,0.005326,-0.001065
2896.653,0.519542,9.574412,-1.400608,0.003196,0.007457,-0.003196
2901.708,0.541090,9.588778,-1.383849,0.001065,0.006392,-0.001065
2906.763,0.531513,9.588778,-1.391031,0.001065,0.006392,0.001065
2911.820,0.509965,9.583989,-1.405396,0.003196,0.005326,-0.002131
2916.874,0.517148,9.569624,-1.386243,0.001065,0.005326,-0.002131
2921.932,0.509965,9.562442,-1.403002,0.001065,0.005326,0.000000
2926.986,0.524330,9.567230,-1.391031,0.002131,0.006392,-0.002131
2932.039,0.543484,9.579201,-1.386243,0.003196,0.005326,-0.001065
2937.095,0.524330,9.610326,-1.405396,0.002131,0.006392,-0.001065
2942.150,0.502782,9.572019,-1.391031,0.003196,0.006392,0.000000
2947.205,0.519542,9.574412,-1.391031,0.004261,0.005326,0.000000
2952.261,0.538695,9.583989,-1.419762,0.002131,0.006392,-0.002131
2957.316,0.514753,9.569624,-1.383849,0.002131,0.005326,-0.002131
2962.371,0.521936,9.579201,-1.379060,0.002131,0.005326,-0.002131
2967.426,0.524330,9.595961,-1.386243,0.002131,0.007457,-0.002131
2972.482,0.517148,9.598354,-1.398214,0.002131,0.005326,-0.001065
2977.537,0.521936,9.607931,-1.398214,0.003196,0.005326,-0.001065
2982.592,0.514753,9.586384,-1.376666,0.001065,0.006392,-0.001065
2987.648,0.521936,9.579201,-1.362301,0.000000,0.005326,-0.001065
2992.705,0.526724,9.588778,-1.398214,0.001065,0.005326,-0.002131
2997.758,0.526724,9.593566,-1.405396,0.001065,0.005326,-0.002131
3002.813,0.538695,9.591172,-1.393425,0.002131,0.004261,-0.002131
3007.868,0.533907,9.581595,-1.395820,0.002131,0.005326,-0.002131
3012.924,0.529119,9.583989,-1.374272,0.001065,0.006392,0.000000
3017.979,0.533907,9.593566,-1.398214,0.000000,0.006392,-0.002131
3023.034,0.509965,9.586384,-1.379060,-0.001065,0.005326,0.000000
3028.089,0.521936,9.581595,-1.347936,0.001065,0.006392,0.000000
3033.144,0.531513,9.569624,-1.405396,0.002131,0.007457,0.000000
3038.200,0.533907,9.569624,-1.388637,0.001065,0.007457,-0.001065
3043.255,0.512359,9.583989,-1.371878,0.001065,0.007457,-0.001065
3048.310,0.536301,9.586384,-1.379060,0.003196,0.005326,-0.001065
3053.365,0.519542,9.583989,-1.388637,0.001065,0.006392,-0.001065
3058.421,0.524330,9.583989,-1.400608,0.002131,0.003196,-0.002131
3063.476,0.509965,9.564836,-1.395820,0.002131,0.005326,-0.003196
3068.531,0.533907,9.567230,-1.398214,0.001065,0.005326,-0.002131
3073.587,0.509965,9.598354,-1.395820,0.002131,0.005326,-0.001065
3078.642,0.519542,9.572019,-1.403002,0.001065,0.005326,-0.003196
3083.697,0.519542,9.557653,-1.386243,0.001065,0.005326,-0.001065
3088.752,0.502782,9.579201,-1.398214,0.001065,0.006392,-0.002131
3093.807,0.519542,9.593566,-1.410185,0.002131,0.004261,-0.002131
3098.863,0.529119,9.598354,-1.388637,0.003196,0.005326,-0.003196
3103.918,0.524330,9.574412,-1.417367,0.003196,0.007457,-0.002131
3108.973,0.531513,9.598354,-1.395820,0.003196,0.005326,-0.001065
3114.028,0.541090,9.603143,-1.395820,-0.001065,0.005326,-0.001065
3119.084,0.541090,9.583989,-1.398214,0.001065,0.004261,0.000000
3124.139,0.509965,9.579201,-1.381454,0.000000,0.006392,-0.001065
3129.194,0.507571,9.574412,-1.395820,0.000000,0.006392,-0.003196
3134.249,0.521936,9.586384,-1.419762,0.000000,0.006392,-0.002131
3139.305,0.529119,9.588778,-1.388637,0.000000,0.004261,-0.001065
3144.360,0.548272,9.586384,-1.379060,0.001065,0.005326,-0.001065
3149.415,0.538695,9.591172,-1.381454,0.002131,0.006392,-0.002131
3154.471,0.533907,9.567230,-1.386243,0.003196,0.004261,-0.002131
3159.526,0.502782,9.593566,-1.374272,0.001065,0.003196,0.000000
3164.581,0.529119,9.576807,-1.395820,0.002131,0.004261,0.000000
3169.636,0.507571,9.576807,-1.393425,0.002131,0.006392,-0.002131
3174.691,0.502782,9.574412,-1.371878,0.001065,0.005326,-0.002131
3179.746,0.519542,9.583989,-1.395820,0.001065,0.006392,-0.001065
3184.801,0.536301,9.593566,-1.405396,0.001065,0.003196,-0.002131
3189.857,0.517148,9.579201,-1.391031,0.001065,0.005326,-0.002131
3194.912,0.529119,9.579201,-1.393425,0.002131,0.008522,-0.001065
3199.967,0.512359,9.588778,-1.398214,0.003196,0.005326,-0.001065
3205.023,0.531513,9.564836,-1.393425,0.002131,0.004261,0.000000
3210.078,0.543484,9.588778,-1.398214,0.000000,0.006392,-0.001065
3215.133,0.553061,9.576807,-1.376666,0.002131,0.006392,0.000000
3220.189,0.524330,9.581595,-1.391031,0.003196,0.006392,-0.002131
3225.244,0.521936,9.581595,-1.391031,0.002131,0.006392,-0.003196
3230.299,0.502782,9.576807,-1.410185,0.002131,0.005326,-0.002131
3235.354,0.509965,9.562442,-1.388637,0.001065,0.004261,0.000000
3240.410,0.519542,9.583989,-1.364695,0.001065,0.004261,0.000000
3245.465,0.524330,9.612720,-1.395820,0.002131,0.003196,0.001065
3250.520,0.533907,9.588778,-1.400608,0.004261,0.005326,-0.001065
3255.575,0.519542,9.583989,-1.367089,0.002131,0.006392,-0.001065
3260.631,0.517148,9.581595,-1.376666,0.002131,0.005326,0.000000
3265.685,0.507571,9.598354,-1.398214,0.002131,0.006392,-0.001065
3270.741,0.512359,9.560047,-1.388637,0.001065,0.005326,-0.002131
3275.796,0.514753,9.572019,-1.405396,0.000000,0.004261,-0.001065
3280.852,0.519542,9.572019,-1.414973,0.001065,0.005326,-0.002131
3285.907,0.543484,9.579201,-1.386243,0.001065,0.006392,-0.002131
3290.962,0.524330,9.581595,-1.391031,0.002131,0.005326,-0.001065
3296.017,0.517148,9.581595,-1.403002,0.001065,0.004261,-0.003196
3301.073,0.526724,9.572019,-1.393425,0.000000,0.004261,-0.001065
3306.128,0.531513,9.588778,-1.405396,0.000000,0.005326,-0.002131
3311.183,0.521936,9.576807,-1.379060,0.001065,0.004261,-0.002131
3316.238,0.543484,9.586384,-1.383849,0.001065,0.005326,-0.001065
3321.293,0.529119,9.583989,-1.379060,0.003196,0.005326,-0.002131
3326.349,0.521936,9.595961,-1.393425,0.002131,0.005326,-0.002131
3331.405,0.521936,9.595961,-1.414973,0.002131,0.005326,-0.001065
3336.459,0.519542,9.545682,-1.383849,0.002131,0.005326,-0.001065
3341.514,0.538695,9.562442,-1.388637,0.001065,0.008522,-0.001065
3346.570,0.548272,9.564836,-1.388637,0.001065,0.004261,0.000000
3351.625,0.521936,9.574412,-1.371878,0.003196,0.004261,-0.001065
3356.680,0.521936,9.583989,-1.383849,0.003196,0.005326,0.000000
3361.735,0.505177,9.593566,-1.403002,0.001065,0.003196,-0.002131
3366.791,0.512359,9.583989,-1.412579,0.001065,0.004261,-0.002131
3371.848,0.531513,9.581595,-1.398214,0.000000,0.004261,-0.001065
3376.902,0.514753,9.605537,-1.374272,0.002131,0.005326,-0.002131
3381.957,0.541090,9.588778,-1.386243,0.003196,0.007457,-0.001065
3387.012,0.533907,9.593566,-1.398214,0.002131,0.007457,-0.001065
3392.067,0.521936,9.591172,-1.391031,0.002131,0.005326,-0.003196
3397.123,0.541090,9.595961,-1.388637,0.001065,0.007457,-0.005326
3402.177,0.545878,9.564836,-1.395820,0.003196,0.005326,-0.001065
3407.233,0.521936,9.595961,-1.403002,0.002131,0.005326,-0.001065
3412.288,0.514753,9.593566,-1.388637,0.003196,0.005326,-0.001065
3417.343,0.521936,9.576807,-1.405396,0.003196,0.005326,-0.001065
3422.399,0.524330,9.588778,-1.407791,-0.001065,0.006392,0.000000
3427.454,0.509965,9.574412,-1.364695,-0.001065,0.006392,0.000000
3432.509,0.526724,9.569624,-1.400608,0.003196,0.005326,-0.001065
3437.564,0.512359,9.579201,-1.407791,0.003196,0.006392,-0.002131
3442.620,0.533907,9.576807,-1.381454,0.002131,0.004261,-0.002131
3447.675,0.531513,9.588778,-1.393425,0.002131,0.005326,0.000000
3452.730,0.502782,9.583989,-1.386243,0.002131,0.005326,0.001065
3457.785,0.517148,9.583989,-1.407791,0.003196,0.005326,-0.003196
3462.840,0.557849,9.588778,-1.381454,0.002131,0.004261,-0.003196
3467.896,0.538695,9.617508,-1.403002,0.003196,0.004261,0.000000
3472.951,0.514753,9.586384,-1.412579,0.002131,0.003196,-0.001065
3478.008,0.517148,9.588778,-1.379060,0.000000,0.004261,-0.002131
3483.061,0.514753,9.581595,-1.383849,0.001065,0.005326,-0.002131
3488.116,0.517148,9.574412,-1.386243,0.002131,0.004261,-0.001065
3493.172,0.507571,9.593566,-1.412579,0.001065,0.004261,-0.003196
3498.227,0.514753,9.579201,-1.403002,0.002131,0.005326,-0.001065
3503.282,0.553061,9.581595,-1.405396,0.001065,0.005326,-0.002131
3508.338,0.538695,9.583989,-1.386243,0.003196,0.006392,-0.002131
3513.393,0.524330,9.574412,-1.400608,0.000000,0.006392,-0.002131
3518.448,0.521936,9.581595,-1.386243,0.000000,0.003196,-0.001065
3523.504,0.519542,9.593566,-1.371878,0.002131,0.005326,-0.001065
3528.559,0.543484,9.564836,-1.405396,0.002131,0.006392,-0.002131
3533.614,0.524330,9.583989,-1.383849,0.002131,0.004261,-0.001065
3538.669,0.514753,9.588778,-1.362301,0.001065,0.005326,-0.002131
3543.727,0.529119,9.581595,-1.407791,0.002131,0.006392,-0.003196
3548.779,0.517148,9.586384,-1.398214,0.000000,0.006392,-0.003196
3553.835,0.512359,9.572019,-1.398214,0.001065,0.004261,0.000000
3558.891,0.521936,9.579201,-1.383849,0.001065,0.003196,0.000000
3563.946,0.529119,9.572019,-1.379060,0.002131,0.005326,-0.001065
3569.000,0.548272,9.564836,-1.386243,0.002131,0.006392,0.000000
3574.056,0.517148,9.591172,-1.391031,0.000000,0.006392,0.000000
3579.113,0.529119,9.583989,-1.386243,0.001065,0.006392,-0.003196
3584.166,0.519542,9.583989,-1.393425,0.002131,0.003196,-0.001065
3589.222,0.519542,9.560047,-1.381454,0.001065,0.005326,-0.001065
3594.277,0.507571,9.579201,-1.383849,0.003196,0.005326,-0.001065
3599.332,0.524330,9.605537,-1.369483,0.002131,0.004261,-0.001065
3604.387,0.514753,9.576807,-1.393425,0.003196,0.005326,-0.001065
3609.443,0.502782,9.595961,-1.371878,0.001065,0.004261,-0.002131
3614.498,0.507571,9.588778,-1.386243,0.000000,0.006392,-0.002131
3619.553,0.529119,9.588778,-1.400608,0.002131,0.004261,0.000000
3624.608,0.562637,9.588778,-1.386243,0.001065,0.005326,-0.001065
3629.664,0.514753,9.600749,-1.391031,0.001065,0.007457,-0.002131
3634.719,0.505177,9.598354,-1.393425,0.003196,0.006392,-0.001065
3639.774,0.514753,9.598354,-1.386243,0.002131,0.004261,0.001065
3644.830,0.531513,9.588778,-1.393425,0.001065,0.005326,-0.001065
3649.885,0.524330,9.574412,-1.371878,0.003196,0.004261,-0.001065
3654.940,0.507571,9.567230,-1.386243,0.002131,0.005326,-0.001065
3659.995,0.514753,9.583989,-1.395820,0.001065,0.007457,-0.001065
3665.051,0.521936,9.583989,-1.381454,0.003196,0.004261,0.000000
3670.106,0.514753,9.576807,-1.381454,0.001065,0.004261,-0.001065
3675.161,0.521936,9.579201,-1.400608,0.000000,0.005326,-0.001065
3680.216,0.507571,9.574412,-1.388637,0.001065,0.005326,-0.001065
3685.271,0.514753,9.583989,-1.376666,0.003196,0.006392,-0.002131
3690.327,0.531513,9.591172,-1.391031,0.004261,0.007457,-0.001065
3695.382,0.529119,9.591172,-1.395820,0.001065,0.006392,0.000000
3700.437,0.514753,9.583989,-1.376666,0.000000,0.006392,-0.001065
3705.492,0.524330,9.581595,-1.383849,0.003196,0.007457,-0.002131
3710.548,0.543484,9.583989,-1.393425,0.002131,0.005326,-0.002131
3715.603,0.521936,9.586384,-1.395820,0.001065,0.005326,-0.001065
3720.658,0.524330,9.600749,-1.391031,0.001065,0.004261,-0.001065
3725.713,0.529119,9.581595,-1.395820,0.002131,0.005326,0.000000
3730.770,0.531513,9.576807,-1.410185,0.002131,0.006392,-0.001065
3735.824,0.514753,9.572019,-1.422156,0.003196,0.006392,-0.002131
3740.879,0.526724,9.593566,-1.386243,0.002131,0.005326,-0.002131
3745.935,0.538695,9.579201,-1.376666,0.001065,0.005326,-0.002131
3750.990,0.526724,9.588778,-1.405396,0.001065,0.004261,-0.001065
3756.045,0.514753,9.579201,-1.386243,0.001065,0.006392,-0.001065
3761.100,0.529119,9.579201,-1.376666,0.000000,0.005326,-0.002131
3766.156,0.536301,9.588778,-1.388637,0.000000,0.005326,-0.002131
3771.211,0.550666,9.576807,-1.391031,0.001065,0.003196,-0.001065
3776.266,0.526724,9.595961,-1.379060,0.003196,0.004261,-0.001065
3781.321,0.512359,9.581595,-1.379060,0.002131,0.004261,-0.001065
3786.376,0.541090,9.581595,-1.410185,0.001065,0.005326,0.000000
3791.432,0.536301,9.581595,-1.386243,0.002131,0.005326,-0.001065
3796.487,0.517148,9.574412,-1.388637,0.004261,0.004261,0.000000
3801.542,0.514753,9.591172,-1.393425,0.003196,0.006392,0.000000
3806.597,0.524330,9.583989,-1.393425,0.002131,0.005326,-0.002131
3811.653,0.521936,9.586384,-1.398214,0.001065,0.004261,-0.002131
3816.708,0.526724,9.574412,-1.419762,0.001065,0.005326,-0.001065
3821.763,0.545878,9.583989,-1.398214,0.001065,0.005326,-0.001065
3826.818,0.524330,9.579201,-1.364695,0.002131,0.005326,-0.001065
3831.875,0.519542,9.583989,-1.400608,0.001065,0.004261,-0.002131
3836.929,0.500388,9.581595,-1.393425,0.002131,0.004261,-0.001065
3841.984,0.517148,9.579201,-1.388637,0.001065,0.005326,-0.001065
3847.040,0.531513,9.569624,-1.388637,0.002131,0.006392,-0.001065
3852.095,0.533907,9.595961,-1.376666,0.002131,0.006392,0.000000
3857.150,0.538695,9.595961,-1.400608,0.002131,0.004261,-0.001065
3862.208,0.502782,9.574412,-1.410185,0.004261,0.006392,-0.002131
3867.261,0.505177,9.588778,-1.391031,0.003196,0.005326,-0.002131
3872.316,0.541090,9.595961,-1.376666,0.002131,0.005326,-0.002131
3877.371,0.526724,9.569624,-1.407791,0.002131,0.005326,-0.001065
3882.426,0.512359,9.588778,-1.414973,0.002131,0.006392,-0.002131
3887.481,0.505177,9.583989,-1.422156,0.002131,0.006392,-0.001065
3892.537,0.509965,9.593566,-1.381454,0.001065,0.005326,-0.002131
3897.592,0.538695,9.595961,-1.386243,0.002131,0.006392,-0.003196
3902.647,0.526724,9.588778,-1.407791,0.002131,0.006392,0.000000
3907.702,0.531513,9.583989,-1.398214,0.002131,0.004261,0.000000
3912.758,0.529119,9.557653,-1.383849,0.002131,0.005326,-0.001065
3917.813,0.514753,9.557653,-1.395820,0.003196,0.005326,-0.001065
3922.868,0.536301,9.588778,-1.412579,0.002131,0.004261,-0.001065
3927.924,0.519542,9.588778,-1.400608,0.001065,0.006392,-0.002131
3932.979,0.519542,9.569624,-1.393425,0.000000,0.005326,-0.001065
3938.034,0.524330,9.560047,-1.388637,0.002131,0.005326,-0.001065
3943.089,0.517148,9.583989,-1.407791,0.003196,0.004261,-0.003196
3948.144,0.521936,9.591172,-1.379060,0.002131,0.005326,-0.001065
3953.200,0.524330,9.588778,-1.381454,0.002131,0.003196,0.000000
3958.255,0.509965,9.581595,-1.407791,0.002131,0.004261,-0.001065
3963.310,0.507571,9.574412,-1.393425,0.002131,0.005326,-0.001065
3968.366,0.536301,9.588778,-1.379060,0.002131,0.006392,-0.002131
3973.421,0.536301,9.595961,-1.388637,0.001065,0.004261,-0.001065
3978.476,0.519542,9.598354,-1.381454,0.001065,0.005326,-0.001065
3983.531,0.524330,9.579201,-1.393425,0.000000,0.005326,-0.001065
3988.586,0.538695,9.593566,-1.395820,0.002131,0.005326,-0.002131
3993.642,0.529119,9.583989,-1.393425,0.001065,0.006392,-0.002131
3998.697,0.512359,9.598354,-1.400608,0.001065,0.004261,-0.001065
4003.752,0.490811,9.598354,-1.407791,0.001065,0.006392,-0.002131
4008.808,0.529119,9.595961,-1.400608,0.001065,0.008522,-0.001065
4013.866,0.538695,9.579201,-1.395820,0.000000,0.005326,-0.001065
4018.918,0.562637,9.581595,-1.431733,0.001065,0.004261,-0.001065
4023.973,0.533907,9.607931,-1.391031,0.004261,0.005326,0.000000
4029.029,0.521936,9.579201,-1.398214,0.000000,0.005326,-0.002131
4034.083,0.533907,9.581595,-1.410185,0.001065,0.005326,-0.002131
4039.139,0.509965,9.583989,-1.383849,0.001065,0.007457,-0.001065
4044.195,0.531513,9.600749,-1.388637,0.000000,0.005326,-0.001065
4049.250,0.509965,9.595961,-1.388637,0.002131,0.006392,-0.002131
4054.305,0.500388,9.579201,-1.417367,0.002131,0.005326,-0.002131
4059.360,0.536301,9.581595,-1.412579,0.003196,0.004261,-0.001065
4064.416,0.519542,9.591172,-1.393425,0.001065,0.005326,0.001065
4069.470,0.536301,9.586384,-1.383849,0.002131,0.004261,-0.001065
4074.526,0.521936,9.572019,-1.395820,0.003196,0.004261,-0.001065
4079.581,0.524330,9.569624,-1.393425,0.002131,0.006392,-0.001065
4084.637,0.545878,9.591172,-1.400608,0.002131,0.005326,0.000000
4089.691,0.545878,9.576807,-1.386243,0.002131,0.004261,0.000000
4094.747,0.517148,9.576807,-1.388637,0.003196,0.004261,-0.001065
4099.802,0.509965,9.586384,-1.388637,0.001065,0.005326,-0.003196
4104.857,0.519542,9.593566,-1.405396,0.002131,0.004261,-0.001065
4109.912,0.521936,9.574412,-1.381454,0.001065,0.005326,0.000000
4114.968,0.521936,9.591172,-1.422156,0.001065,0.005326,-0.001065
4120.024,0.521936,9.581595,-1.407791,0.002131,0.004261,-0.001065
4125.079,0.526724,9.610326,-1.395820,0.001065,0.004261,-0.001065
4130.134,0.524330,9.583989,-1.391031,0.001065,0.005326,-0.002131
4135.189,0.502782,9.576807,-1.400608,0.001065,0.008522,-0.001065
4140.244,0.538695,9.586384,-1.395820,0.002131,0.004261,-0.002131
4145.299,0.538695,9.574412,-1.374272,0.003196,0.004261,-0.001065
4150.355,0.533907,9.581595,-1.398214,0.002131,0.007457,0.000000
4155.410,0.541090,9.581595,-1.393425,0.001065,0.003196,-0.001065
4160.465,0.531513,9.593566,-1.379060,0.001065,0.003196,-0.001065
4165.520,0.509965,9.600749,-1.381454,0.001065,0.004261,-0.001065
4170.575,0.524330,9.586384,-1.391031,0.001065,0.006392,-0.001065
4175.631,0.526724,9.583989,-1.395820,0.003196,0.005326,-0.001065
4180.686,0.536301,9.600749,-1.405396,0.002131,0.006392,-0.002131
4185.741,0.514753,9.598354,-1.407791,0.002131,0.004261,-0.002131
4190.797,0.521936,9.598354,-1.414973,0.001065,0.002131,0.000000
4195.852,0.519542,9.569624,-1.414973,0.002131,0.006392,0.000000
4200.907,0.517148,9.588778,-1.391031,0.002131,0.005326,-0.001065
4205.962,0.509965,9.588778,-1.376666,0.001065,0.005326,0.000000
4211.017,0.526724,9.588778,-1.395820,0.002131,0.005326,0.000000
4216.073,0.550666,9.552865,-1.395820,0.002131,0.005326,0.000000
4221.128,0.541090,9.572019,-1.391031,0.001065,0.006392,-0.001065
4226.183,0.531513,9.593566,-1.383849,0.002131,0.005326,-0.002131
4231.239,0.521936,9.598354,-1.381454,0.001065,0.004261,-0.001065
4236.294,0.509965,9.612720,-1.405396,0.002131,0.006392,-0.002131
4241.349,0.524330,9.583989,-1.381454,0.001065,0.006392,-0.002131
4246.404,0.517148,9.591172,-1.381454,0.001065,0.005326,-0.002131
4251.460,0.507571,9.579201,-1.388637,0.001065,0.006392,-0.002131
4256.515,0.509965,9.572019,-1.395820,0.001065,0.007457,-0.001065
4261.570,0.536301,9.591172,-1.398214,0.002131,0.007457,0.000000
4266.625,0.536301,9.569624,-1.391031,0.001065,0.004261,-0.002131
4271.681,0.531513,9.593566,-1.400608,0.002131,0.004261,0.000000
4276.738,0.531513,9.586384,-1.403002,0.002131,0.004261,0.000000
4281.791,0.526724,9.572019,-1.393425,0.001065,0.004261,0.000000
4286.846,0.519542,9.593566,-1.388637,0.001065,0.005326,-0.001065
4291.902,0.521936,9.600749,-1.405396,0.001065,0.005326,-0.002131
4296.957,0.524330,9.574412,-1.395820,0.003196,0.006392,-0.001065
4302.012,0.521936,9.586384,-1.383849,0.002131,0.006392,-0.001065
4307.067,0.526724,9.588778,-1.367089,0.001065,0.006392,-0.002131
4312.123,0.531513,9.579201,-1.403002,0.001065,0.006392,-0.003196
4317.178,0.505177,9.593566,-1.376666,0.001065,0.005326,-0.003196
4322.233,0.524330,9.598354,-1.359907,0.001065,0.005326,-0.003196
4327.289,0.533907,9.588778,-1.405396,0.001065,0.004261,-0.002131
4332.344,0.531513,9.603143,-1.395820,0.001065,0.005326,-0.003196
4337.399,0.529119,9.583989,-1.369483,0.001065,0.005326,0.000000
4342.454,0.531513,9.576807,-1.398214,0.001065,0.005326,-0.002131
4347.510,0.533907,9.579201,-1.417367,0.002131,0.007457,-0.002131
4352.565,0.509965,9.560047,-1.403002,0.003196,0.005326,-0.001065
4357.620,0.514753,9.579201,-1.412579,0.002131,0.005326,-0.002131
4362.675,0.519542,9.586384,-1.386243,0.001065,0.005326,-0.003196
4367.730,0.505177,9.593566,-1.383849,0.001065,0.005326,-0.002131
4372.786,0.529119,9.583989,-1.381454,0.002131,0.005326,-0.001065
4377.843,0.517148,9.574412,-1.381454,0.003196,0.004261,-0.001065
4382.896,0.521936,9.576807,-1.388637,0.003196,0.006392,-0.001065
4387.951,0.524330,9.564836,-1.395820,0.001065,0.005326,-0.002131
4393.007,0.526724,9.595961,-1.383849,-0.001065,0.005326,-0.002131
4398.062,0.502782,9.610326,-1.386243,0.000000,0.006392,-0.001065
4403.117,0.526724,9.588778,-1.398214,0.004261,0.004261,-0.001065
4408.172,0.512359,9.605537,-1.393425,0.004261,0.004261,-0.002131
4413.228,0.529119,9.572019,-1.374272,0.001065,0.006392,0.000000
4418.283,0.512359,9.579201,-1.400608,0.001065,0.007457,-0.001065
4423.338,0.493206,9.572019,-1.414973,0.002131,0.005326,-0.001065
4428.394,0.514753,9.579201,-1.388637,0.002131,0.005326,-0.001065
4433.449,0.517148,9.591172,-1.403002,0.002131,0.005326,-0.001065
4438.504,0.531513,9.576807,-1.403002,0.002131,0.005326,0.000000
4443.559,0.555455,9.567230,-1.388637,0.003196,0.006392,-0.002131
4448.615,0.529119,9.591172,-1.388637,0.001065,0.005326,-0.001065
4453.670,0.524330,9.583989,-1.391031,0.002131,0.004261,-0.001065
4458.725,0.538695,9.591172,-1.376666,0.002131,0.006392,-0.002131
4463.781,0.529119,9.567230,-1.376666,0.003196,0.004261,-0.001065
4468.836,0.509965,9.567230,-1.374272,0.002131,0.003196,0.000000
4473.891,0.531513,9.600749,-1.383849,0.002131,0.004261,-0.001065
4478.946,0.533907,9.569624,-1.398214,0.001065,0.005326,-0.002131
4484.001,0.524330,9.591172,-1.379060,0.000000,0.005326,-0.003196
4489.056,0.531513,9.583989,-1.369483,0.001065,0.005326,-0.002131
4494.114,0.531513,9.591172,-1.381454,0.002131,0.004261,-0.001065
4499.167,0.536301,9.612720,-1.379060,0.001065,0.006392,-0.001065
4504.222,0.529119,9.595961,-1.376666,0.002131,0.006392,-0.002131
4509.278,0.524330,9.591172,-1.388637,0.002131,0.004261,-0.001065
4514.333,0.514753,9.603143,-1.383849,-0.001065,0.005326,-0.001065
4519.388,0.526724,9.581595,-1.393425,0.001065,0.005326,-0.001065
4524.443,0.524330,9.593566,-1.403002,0.002131,0.005326,-0.002131
4529.499,0.509965,9.562442,-1.426944,0.001065,0.006392,0.000000
4534.554,0.514753,9.567230,-1.395820,0.001065,0.004261,-0.001065
4539.609,0.533907,9.564836,-1.376666,0.002131,0.006392,0.000000
4544.665,0.541090,9.600749,-1.405396,0.002131,0.005326,-0.002131
4549.719,0.526724,9.586384,-1.391031,0.002131,0.005326,-0.002131
4554.775,0.521936,9.583989,-1.407791,0.003196,0.005326,-0.002131
4559.830,0.524330,9.583989,-1.398214,0.000000,0.005326,-0.003196
4564.885,0.536301,9.588778,-1.391031,0.001065,0.004261,0.000000
4569.941,0.521936,9.591172,-1.381454,0.002131,0.004261,-0.001065
4574.996,0.526724,9.588778,-1.395820,0.002131,0.004261,-0.001065
4580.051,0.536301,9.583989,-1.405396,0.001065,0.006392,-0.003196
4585.106,0.517148,9.588778,-1.403002,0.002131,0.005326,-0.003196
4590.162,0.521936,9.603143,-1.405396,0.002131,0.005326,-0.001065
4595.217,0.524330,9.586384,-1.381454,0.001065,0.005326,0.000000
4600.272,0.533907,9.583989,-1.393425,0.001065,0.006392,-0.001065
4605.327,0.538695,9.595961,-1.383849,0.000000,0.006392,-0.001065
4610.383,0.526724,9.586384,-1.403002,0.002131,0.006392,0.000000
4615.438,0.524330,9.581595,-1.391031,0.001065,0.007457,-0.003196
4620.493,0.541090,9.572019,-1.403002,0.002131,0.006392,0.000000
4625.548,0.517148,9.579201,-1.395820,0.003196,0.004261,0.000000
4630.604,0.507571,9.557653,-1.393425,0.002131,0.004261,-0.001065
4635.659,0.519542,9.567230,-1.398214,0.001065,0.006392,-0.002131
4640.714,0.526724,9.607931,-1.381454,0.000000,0.006392,-0.001065
4645.770,0.533907,9.610326,-1.386243,0.000000,0.005326,-0.003196
4650.825,0.517148,9.579201,-1.381454,0.002131,0.006392,-0.002131
4655.880,0.519542,9.593566,-1.379060,0.000000,0.006392,-0.002131
4660.935,0.514753,9.598354,-1.379060,0.001065,0.005326,-0.001065
4665.993,0.521936,9.574412,-1.376666,0.001065,0.005326,-0.001065
4671.045,0.529119,9.564836,-1.398214,0.001065,0.006392,-0.001065
4676.101,0.541090,9.583989,-1.386243,0.002131,0.005326,0.000000
4681.156,0.529119,9.572019,-1.398214,0.002131,0.004261,-0.002131
4686.212,0.524330,9.572019,-1.388637,0.003196,0.005326,0.000000
4691.267,0.521936,9.579201,-1.391031,0.003196,0.006392,-0.001065
4696.322,0.526724,9.583989,-1.388637,0.002131,0.006392,-0.003196
4701.377,0.538695,9.576807,-1.379060,0.003196,0.005326,-0.001065
4706.433,0.517148,9.598354,-1.410185,0.003196,0.004261,-0.002131
4711.488,0.502782,9.569624,-1.419762,0.001065,0.004261,-0.002131
4716.543,0.509965,9.588778,-1.376666,0.002131,0.005326,-0.001065
4721.598,0.533907,9.588778,-1.376666,0.002131,0.007457,0.000000
4726.654,0.526724,9.593566,-1.412579,0.000000,0.006392,-0.001065
4731.708,0.519542,9.581595,-1.393425,0.003196,0.005326,-0.001065
4736.764,0.529119,9.598354,-1.386243,0.002131,0.006392,0.000000
4741.819,0.514753,9.586384,-1.386243,0.002131,0.005326,-0.001065
4746.874,0.526724,9.567230,-1.398214,0.002131,0.005326,-0.001065
4751.930,0.507571,9.567230,-1.405396,0.002131,0.005326,-0.001065
4756.985,0.521936,9.586384,-1.386243,0.002131,0.005326,0.000000
4762.040,0.538695,9.572019,-1.403002,0.001065,0.004261,-0.001065
4767.096,0.531513,9.572019,-1.393425,0.002131,0.006392,-0.001065
4772.151,0.521936,9.615114,-1.403002,0.003196,0.006392,-0.002131
4777.206,0.512359,9.605537,-1.393425,0.002131,0.005326,-0.002131
4782.261,0.526724,9.581595,-1.388637,0.002131,0.007457,-0.001065
4787.317,0.512359,9.586384,-1.398214,0.001065,0.005326,-0.002131
4792.372,0.514753,9.576807,-1.398214,0.002131,0.005326,-0.001065
4797.427,0.533907,9.583989,-1.388637,0.002131,0.005326,-0.002131
4802.482,0.524330,9.586384,-1.381454,0.001065,0.005326,-0.001065
4807.538,0.519542,9.572019,-1.395820,0.002131,0.006392,-0.001065
4812.593,0.514753,9.610326,-1.403002,0.003196,0.004261,-0.001065
4817.648,0.512359,9.581595,-1.379060,0.003196,0.004261,-0.001065
4822.703,0.529119,9.615114,-1.403002,0.001065,0.006392,0.000000
4827.759,0.514753,9.583989,-1.393425,0.002131,0.005326,-0.001065
4832.816,0.502782,9.600749,-1.422156,0.002131,0.004261,-0.001065
4837.869,0.529119,9.567230,-1.374272,0.002131,0.005326,-0.001065
4842.924,0.524330,9.617508,-1.388637,0.002131,0.006392,-0.002131
4847.980,0.538695,9.574412,-1.412579,0.001065,0.005326,-0.001065
4853.036,0.512359,9.591172,-1.403002,0.003196,0.005326,-0.002131
4858.090,0.524330,9.562442,-1.395820,0.002131,0.005326,0.001065
4863.145,0.526724,9.572019,-1.403002,0.000000,0.004261,-0.001065
4868.200,0.524330,9.557653,-1.395820,0.001065,0.006392,-0.001065
4873.256,0.526724,9.605537,-1.391031,0.002131,0.007457,-0.001065
4878.311,0.507571,9.576807,-1.398214,0.000000,0.007457,0.000000
4883.366,0.524330,9.600749,-1.395820,0.002131,0.005326,0.000000
4888.422,0.536301,9.593566,-1.410185,0.003196,0.005326,-0.001065
4893.477,0.514753,9.603143,-1.398214,0.000000,0.003196,0.000000
4898.532,0.507571,9.579201,-1.393425,0.001065,0.006392,0.000000
4903.587,0.521936,9.603143,-1.395820,0.001065,0.006392,-0.002131
4908.643,0.538695,9.588778,-1.376666,0.002131,0.006392,-0.002131
4913.698,0.514753,9.586384,-1.403002,0.002131,0.006392,-0.002131
4918.753,0.505177,9.543288,-1.422156,0.001065,0.004261,-0.003196
4923.808,0.524330,9.583989,-1.414973,0.001065,0.005326,-0.002131
4928.864,0.512359,9.555259,-1.379060,0.003196,0.005326,-0.002131
4933.919,0.529119,9.576807,-1.383849,0.002131,0.004261,-0.001065
4938.974,0.507571,9.572019,-1.412579,0.001065,0.004261,0.000000
4944.030,0.526724,9.583989,-1.400608,0.001065,0.006392,-0.001065
4949.085,0.533907,9.555259,-1.400608,0.001065,0.004261,-0.002131
4954.140,0.524330,9.591172,-1.407791,0.001065,0.006392,-0.004261
4959.195,0.524330,9.586384,-1.403002,0.002131,0.006392,-0.001065
4964.251,0.512359,9.588778,-1.407791,0.002131,0.004261,-0.002131
4969.306,0.509965,9.588778,-1.388637,0.002131,0.003196,0.000000
4974.361,0.533907,9.595961,-1.350330,0.002131,0.005326,-0.001065
4979.416,0.531513,9.574412,-1.379060,0.001065,0.006392,-0.004261
4984.471,0.538695,9.588778,-1.417367,0.001065,0.006392,0.000000
4989.527,0.533907,9.569624,-1.412579,0.003196,0.005326,-0.001065
4994.582,0.509965,9.564836,-1.405396,0.003196,0.005326,-0.001065
4999.637,0.536301,9.588778,-1.386243,0.001065,0.006392,-0.001065
5004.692,0.529119,9.574412,-1.405396,0.002131,0.004261,-0.001065
5009.747,0.521936,9.581595,-1.391031,0.002131,0.005326,-0.002131
5014.803,0.517148,9.581595,-1.379060,0.004261,0.005326,-0.001065
5019.858,0.526724,9.576807,-1.371878,0.001065,0.005326,0.000000
5024.914,0.533907,9.591172,-1.393425,0.001065,0.007457,-0.001065
5029.969,0.526724,9.588778,-1.383849,0.002131,0.004261,-0.001065
5035.024,0.521936,9.593566,-1.395820,0.002131,0.004261,0.000000
5040.080,0.517148,9.588778,-1.405396,0.000000,0.004261,-0.002131
5045.135,0.524330,9.572019,-1.388637,0.001065,0.005326,-0.002131
5050.190,0.517148,9.581595,-1.400608,0.002131,0.005326,-0.001065
